Workbook

Sheet ISO Gap Assessment
A1: Reference | B1: Requirement / Control | C1: Theme | D1: Assessment Criteria | E1: Implementation Status | F1: Evidence Available | G1: Gap Identified | H1: Recommended Action | I1: Control Owner | J1: Priority | K1: Target Date | L1: Notes | M1: Readiness Score
A2: 4.1 | B2: Understanding the organisation and its context | C2: Clause 4 — Context | D2: Internal and external issues relevant to the ISMS are identified, documented and periodically reviewed. | E2: Partially Implemented | F2: Business strategy; technology roadmap | G2: Context analysis exists informally but is not maintained as documented ISMS information. | H2: Develop and maintain a documented organisational context assessment covering internal and external ISMS issues. | I2: Head of Information Security | J2: Medium | K2: 30/11/2026 | L2: Context should be reviewed following significant organisational or environmental change. | M2: =IF(E2="Implemented",1,IF(E2="Partially Implemented",0.5,IF(E2="Not Implemented",0,""))) -> 0.5
A3: 4.2 | B3: Understanding the needs and expectations of interested parties | C3: Clause 4 — Context | D3: Relevant interested parties and their information security requirements are identified and maintained. | E3: Partially Implemented | F3: Customer contracts; regulatory register; supplier agreements | G3: Stakeholders are known but there is no consolidated interested-parties register linked to ISMS requirements. | H3: Create an interested-parties register documenting security, legal, regulatory and contractual requirements. | I3: Compliance Manager | J3: Medium | K3: 30/11/2026 | L3: Include customers, employees, regulators, suppliers and shareholders where relevant. | M3: =IF(E3="Implemented",1,IF(E3="Partially Implemented",0.5,IF(E3="Not Implemented",0,""))) -> 0.5
A4: 4.3 | B4: Determining the scope of the ISMS | C4: Clause 4 — Context | D4: The boundaries and applicability of the ISMS are formally defined and maintained as documented information. | E4: Not Implemented | F4: Organisation chart; network diagrams | G4: No formally approved ISMS scope statement exists. | H4: Define and approve the ISMS scope including business functions, locations, technology, interfaces and dependencies. | I4: Head of Information Security | J4: High | K4: 31/10/2026 | L4: ISMS scope must be established before certification assessment. | M4: =IF(E4="Implemented",1,IF(E4="Partially Implemented",0.5,IF(E4="Not Implemented",0,""))) -> 0
A5: 4.4 | B5: Information security management system | C5: Clause 4 — Context | D5: An ISMS is established, implemented, maintained and continually improved. | E5: Partially Implemented | F5: Security policies; risk register | G5: Security activities exist but are not fully integrated into a formal ISMS. | H5: Establish an ISMS governance framework defining processes, responsibilities, documentation and continual improvement activities. | I5: CISO | J5: High | K5: 31/12/2026 | L5: Existing security processes can be incorporated into the ISMS. | M5: =IF(E5="Implemented",1,IF(E5="Partially Implemented",0.5,IF(E5="Not Implemented",0,""))) -> 0.5
A6: 5.1 | B6: Leadership and commitment | C6: Clause 5 — Leadership | D6: Top management demonstrates leadership and commitment to the ISMS. | E6: Partially Implemented | F6: Management meeting minutes; security budget approvals | G6: Management supports security activities but formal evidence of ISMS leadership responsibilities is limited. | H6: Establish documented executive ISMS sponsorship and include information security performance in management reviews. | I6: CEO | J6: High | K6: 31/12/2026 | L6: Leadership evidence should demonstrate active oversight rather than passive approval. | M6: =IF(E6="Implemented",1,IF(E6="Partially Implemented",0.5,IF(E6="Not Implemented",0,""))) -> 0.5
A7: 5.2 | B7: Information security policy | C7: Clause 5 — Leadership | D7: An appropriate information security policy is established, approved, communicated and available to relevant interested parties. | E7: Implemented | F7: Information Security Policy; approval record; employee portal | G7: No material gap identified. | H7: Maintain annual policy review and retain evidence of approval and communication. | I7: CISO | J7: Low | K7: 31/12/2026 | L7: Current policy is approved and communicated. | M7: =IF(E7="Implemented",1,IF(E7="Partially Implemented",0.5,IF(E7="Not Implemented",0,""))) -> 1
A8: 5.3 | B8: Organisational roles, responsibilities and authorities | C8: Clause 5 — Leadership | D8: Information security roles and responsibilities are assigned and communicated. | E8: Partially Implemented | F8: Job descriptions; organisation chart | G8: Several security responsibilities are understood operationally but are not formally assigned within the ISMS. | H8: Develop an ISMS RACI and formally assign control and process ownership. | I8: CISO | J8: Medium | K8: 31/12/2026 | L8: Align responsibilities with risk and control ownership. | M8: =IF(E8="Implemented",1,IF(E8="Partially Implemented",0.5,IF(E8="Not Implemented",0,""))) -> 0.5
A9: 6.1 | B9: Actions to address risks and opportunities | C9: Clause 6 — Planning | D9: Information security risks and opportunities are addressed through defined planning processes. | E9: Partially Implemented | F9: Enterprise risk register; security risk assessments | G9: Risk assessment occurs but the ISO-aligned risk methodology and acceptance criteria are not formally approved. | H9: Document and approve the ISMS risk assessment and risk treatment methodology including risk acceptance criteria. | I9: Risk Manager | J9: High | K9: 30/11/2026 | L9: Methodology should support repeatable risk assessment. | M9: =IF(E9="Implemented",1,IF(E9="Partially Implemented",0.5,IF(E9="Not Implemented",0,""))) -> 0.5
A10: 6.2 | B10: Information security objectives and planning to achieve them | C10: Clause 6 — Planning | D10: Measurable information security objectives are established and monitored. | E10: Partially Implemented | F10: Security KPI reports | G10: Security metrics exist but are not formally linked to approved ISMS objectives. | H10: Define measurable ISMS objectives, owners, targets, monitoring frequency and reporting arrangements. | I10: CISO | J10: Medium | K10: 31/12/2026 | L10: Objectives should align with business and security priorities. | M10: =IF(E10="Implemented",1,IF(E10="Partially Implemented",0.5,IF(E10="Not Implemented",0,""))) -> 0.5
A11: 6.3 | B11: Planning of changes | C11: Clause 6 — Planning | D11: Changes to the ISMS are carried out in a planned manner. | E11: Not Implemented | F11: Change management procedure | G11: Technical change management exists but there is no defined process for planning changes to the ISMS itself. | H11: Integrate ISMS changes into governance and change-management processes with impact and resource assessment. | I11: ISMS Manager | J11: Medium | K11: 31/01/2027 | L11: Distinguish ISMS change from routine technical change. | M11: =IF(E11="Implemented",1,IF(E11="Partially Implemented",0.5,IF(E11="Not Implemented",0,""))) -> 0
A12: 7.1 | B12: Resources | C12: Clause 7 — Support | D12: Resources required to establish, maintain and improve the ISMS are determined and provided. | E12: Implemented | F12: Security budget; staffing plan | G12: No material gap identified. | H12: Continue annual resource planning and retain evidence of management decisions. | I12: CISO | J12: Low | K12: 31/12/2026 | L12: Resource requirements should be reconsidered during management review. | M12: =IF(E12="Implemented",1,IF(E12="Partially Implemented",0.5,IF(E12="Not Implemented",0,""))) -> 1
A13: 7.2 | B13: Competence | C13: Clause 7 — Support | D13: Personnel performing work affecting information security are competent based on education, training or experience. | E13: Partially Implemented | F13: Training records; job descriptions | G13: Training occurs but competency requirements are not consistently mapped to ISMS responsibilities. | H13: Create an ISMS competency matrix and retain evidence of training and professional development. | I13: HR Manager | J13: Medium | K13: 31/01/2027 | L13: Include specialist security and control-owner roles. | M13: =IF(E13="Implemented",1,IF(E13="Partially Implemented",0.5,IF(E13="Not Implemented",0,""))) -> 0.5
... A24: 10.2 | B24: Nonconformity and corrective action | C24: Clause 10 — Improvement | D24: Nonconformities are managed through correction, root-cause analysis and corrective action. | E24: Not Implemented | F24: General issue tracker | G24: No formal ISMS nonconformity and corrective-action process exists. | H24: Implement a corrective-action procedure covering containment, root cause, action ownership, effectiveness review and closure. | I24: ISMS Manager | J24: High | K24: 28/02/2027 | L24: Process should support audit findings and control failures. | M24: =IF(E24="Implemented",1,IF(E24="Partially Implemented",0.5,IF(E24="Not Implemented",0,""))) -> 0
A25: A.5.1 | B25: Policies for information security | C25: A.5 — Organisational | D25: Information security policies are defined, approved, communicated and reviewed at planned intervals. | E25: Implemented | F25: Information Security Policy; policy approval record | G25: No material gap identified. | H25: Maintain annual review cycle and retain approval evidence. | I25: CISO | J25: Low | K25: 31/12/2026 | L25: Policy framework currently operating. | M25: =IF(E25="Implemented",1,IF(E25="Partially Implemented",0.5,IF(E25="Not Implemented",0,""))) -> 1
A26: A.5.2 | B26: Information security roles and responsibilities | C26: A.5 — Organisational | D26: Information security responsibilities are defined and allocated according to organisational needs. | E26: Partially Implemented | F26: Organisation chart; job descriptions | G26: Control ownership is not consistently documented across the ISMS. | H26: Develop an ISMS RACI and assign formal control owners. | I26: CISO | J26: Medium | K26: 31/12/2026 | L26: Align with Clause 5.3 remediation. | M26: =IF(E26="Implemented",1,IF(E26="Partially Implemented",0.5,IF(E26="Not Implemented",0,""))) -> 0.5
A27: A.5.7 | B27: Threat intelligence | C27: A.5 — Organisational | D27: Information relating to information security threats is collected and analysed to produce relevant intelligence. | E27: Partially Implemented | F27: Vulnerability alerts; vendor security notifications | G27: Threat information is received from several sources but no formal threat-intelligence process exists. | H27: Define threat-intelligence sources, analysis responsibilities, escalation criteria and integration with risk management. | I27: Security Operations Manager | J27: Medium | K27: 31/01/2027 | L27: Focus on threats relevant to the SaaS and cloud environment. | M27: =IF(E27="Implemented",1,IF(E27="Partially Implemented",0.5,IF(E27="Not Implemented",0,""))) -> 0.5
A28: A.5.9 | B28: Inventory of information and other associated assets | C28: A.5 — Organisational | D28: An inventory of information and associated assets is developed and maintained, including ownership. | E28: Partially Implemented | F28: IT asset inventory; CMDB | G28: Hardware assets are recorded but SaaS applications and information assets are inconsistently inventoried. | H28: Expand the asset inventory to include information assets and SaaS services and assign ownership. | I28: IT Operations Manager | J28: High | K28: 31/12/2026 | L28: Asset inventory should support risk assessment and classification. | M28: =IF(E28="Implemented",1,IF(E28="Partially Implemented",0.5,IF(E28="Not Implemented",0,""))) -> 0.5
A29: A.5.12 | B29: Classification of information | C29: A.5 — Organisational | D29: Information is classified according to security needs and relevant stakeholder requirements. | E29: Partially Implemented | F29: Data handling policy | G29: Classification levels exist but are not consistently applied across business information. | H29: Implement an organisation-wide classification scheme and provide handling guidance for each classification level. | I29: Data Protection Officer | J29: High | K29: 31/01/2027 | L29: Align classification with access and DLP controls. | M29: =IF(E29="Implemented",1,IF(E29="Partially Implemented",0.5,IF(E29="Not Implemented",0,""))) -> 0.5
A30: A.5.15 | B30: Access control | C30: A.5 — Organisational | D30: Rules for physical and logical access to information and associated assets are established and implemented. | E30: Implemented | F30: Access Control Policy; RBAC standards | G30: No material gap identified. | H30: Continue periodic access-control policy review and monitor implementation. | I30: Head of Information Security | J30: Low | K30: 31/12/2026 | L30: Supporting controls assessed separately. | M30: =IF(E30="Implemented",1,IF(E30="Partially Implemented",0.5,IF(E30="Not Implemented",0,""))) -> 1
A31: A.5.18 | B31: Access rights | C31: A.5 — Organisational | D31: Access rights are provisioned, reviewed, modified and removed according to access-control requirements. | E31: Partially Implemented | F31: Joiner-mover-leaver records; access reviews | G31: Access reviews are performed inconsistently across SaaS applications. | H31: Establish quarterly access recertification for critical systems and retain review evidence. | I31: IT Operations Manager | J31: High | K31: 31/12/2026 | L31: Prioritise privileged and sensitive-data access. | M31: =IF(E31="Implemented",1,IF(E31="Partially Implemented",0.5,IF(E31="Not Implemented",0,""))) -> 0.5
A32: A.5.19 | B32: Information security in supplier relationships | C32: A.5 — Organisational | D32: Processes are defined to manage information security risks associated with suppliers. | E32: Partially Implemented | F32: Supplier questionnaire; procurement procedure | G32: Security due diligence is not consistently risk-tiered according to supplier criticality. | H32: Introduce supplier risk classification and proportionate security due diligence requirements. | I32: Third-Party Risk Manager | J32: High | K32: 31/01/2027 | L32: Critical suppliers should receive enhanced assessment. | M32: =IF(E32="Implemented",1,IF(E32="Partially Implemented",0.5,IF(E32="Not Implemented",0,""))) -> 0.5
A33: A.5.20 | B33: Addressing information security within supplier agreements | C33: A.5 — Organisational | D33: Relevant information security requirements are established and agreed with suppliers. | E33: Partially Implemented | F33: Supplier contracts; security clauses | G33: Security clauses vary between contracts and minimum requirements are not standardised. | H33: Develop standard contractual security requirements covering incidents, data protection, access, audit and termination. | I33: Legal & Compliance Manager | J33: High | K33: 28/02/2027 | L33: Apply requirements according to supplier risk. | M33: =IF(E33="Implemented",1,IF(E33="Partially Implemented",0.5,IF(E33="Not Implemented",0,""))) -> 0.5
A34: A.5.23 | B34: Information security for use of cloud services | C34: A.5 — Organisational | D34: Processes for acquisition, use, management and exit from cloud services are established. | E34: Partially Implemented | F34: Cloud architecture standards; AWS procedures | G34: Cloud security responsibilities are documented technically but lifecycle governance and exit requirements are incomplete. | H34: Develop a cloud security governance standard covering acquisition, shared responsibility, monitoring and exit. | I34: Cloud Security Lead | J34: High | K34: 31/01/2027 | L34: Include SaaS and infrastructure cloud services. | M34: =IF(E34="Implemented",1,IF(E34="Partially Implemented",0.5,IF(E34="Not Implemented",0,""))) -> 0.5
A35: A.5.24 | B35: Information security incident management planning and preparation | C35: A.5 — Organisational | D35: Incident-management processes, roles and responsibilities are established and communicated. | E35: Implemented | F35: Incident Response Plan; escalation contacts | G35: No material gap identified. | H35: Continue annual review and exercise the incident response plan. | I35: Head of Information Security | J35: Low | K35: 31/12/2026 | L35: Evidence of exercises should be retained. | M35: =IF(E35="Implemented",1,IF(E35="Partially Implemented",0.5,IF(E35="Not Implemented",0,""))) -> 1
A36: A.5.29 | B36: Information security during disruption | C36: A.5 — Organisational | D36: Information security is maintained at an appropriate level during disruption. | E36: Partially Implemented | F36: Business Continuity Plan; disaster recovery procedures | G36: Security requirements during business disruption are not explicitly defined within continuity plans. | H36: Integrate minimum information-security requirements into business continuity and disaster recovery procedures. | I36: Business Continuity Manager | J36: Medium | K36: 31/01/2027 | L36: Consider emergency access and reduced operating modes. | M36: =IF(E36="Implemented",1,IF(E36="Partially Implemented",0.5,IF(E36="Not Implemented",0,""))) -> 0.5
... A60: A.8.28 | B60: Secure coding | C60: A.8 — Technological | D60: Secure coding principles are applied to software development. | E60: Partially Implemented | F60: Code review guidelines; developer training | G60: Secure coding guidance exists but training and compliance evidence are inconsistent. | H60: Establish formal secure-coding standards, annual developer training and compliance checks. | I60: Application Security Lead | J60: Medium | K60: 28/02/2027 | L60: Align with common application-security weaknesses. | M60: =IF(E60="Implemented",1,IF(E60="Partially Implemented",0.5,IF(E60="Not Implemented",0,""))) -> 0.5
M61: =IF(E61="Implemented",1,IF(E61="Partially Implemented",0.5,IF(E61="Not Implemented",0,"")))

Sheet Remediation Plan
A1: Remediation ID | B1: ISO Reference | C1: Gap / Finding | D1: Remediation Action | E1: Action Owner | F1: Priority | G1: Target Date | H1: Status | I1: Progress % | J1: Evidence Required | K1: Management Notes
A2: REM-001 | B2: 4.3 | C2: No formally approved ISMS scope statement exists. | D2: Define and approve the ISMS scope covering business functions, locations, technologies, interfaces and dependencies. | E2: Head of Information Security | F2: High | G2: 31/10/2026 | H2: In Progress | I2: 0.6 | J2: Approved ISMS Scope Statement | K2: Scope workshop completed; management approval pending.
A3: REM-002 | B3: 4.4 | C3: Security activities are not fully integrated into a formal ISMS. | D3: Establish an ISMS governance framework defining processes, responsibilities, documentation and continual improvement. | E3: CISO | F3: High | G3: 31/12/2026 | H3: In Progress | I3: 0.35 | J3: ISMS Governance Framework; governance meeting records | K3: Core governance structure drafted.
A4: REM-003 | B4: 5.1 | C4: Formal evidence of executive ISMS leadership and oversight is limited. | D4: Establish executive ISMS sponsorship and incorporate security performance into management governance. | E4: CEO | F4: High | G4: 31/12/2026 | H4: In Progress | I4: 0.3 | J4: Executive sponsorship record; meeting minutes | K4: Executive sponsor identified.
A5: REM-004 | B5: 6.1 | C5: ISO-aligned risk methodology and risk acceptance criteria are not formally approved. | D5: Document and approve the ISMS risk assessment and treatment methodology including acceptance criteria. | E5: Risk Manager | F5: High | G5: 30/11/2026 | H5: In Progress | I5: 0.55 | J5: Approved Risk Assessment Methodology | K5: Draft methodology under review.
A6: REM-005 | B6: 7.5 | C6: Document control is inconsistent across ISMS procedures and evidence. | D6: Implement document-control requirements covering approval, versioning, review, access, retention and disposal. | E6: ISMS Manager | F6: High | G6: 31/12/2026 | H6: In Progress | I6: 0.4 | J6: Document Control Procedure; ISMS Document Register | K6: Document register being developed.
A7: REM-006 | B7: 8.1 | C7: Evidence of consistent operational ISMS control monitoring is incomplete. | D7: Define control-monitoring requirements and evidence-retention expectations for control owners. | E7: Head of Information Security | F7: High | G7: 31/01/2027 | H7: Not Started | I7: 0 | J7: Control Monitoring Schedule; control evidence | K7: Dependent on completion of control ownership mapping.
A8: REM-007 | B8: 8.2 | C8: No documented risk assessment schedule or consistent reassessment triggers exist. | D8: Establish an annual ISMS risk assessment schedule and defined reassessment triggers. | E8: Risk Manager | F8: High | G8: 31/12/2026 | H8: In Progress | I8: 0.35 | J8: Risk Assessment Schedule; reassessment criteria | K8: Schedule structure drafted.
A9: REM-008 | B9: 8.3 | C9: Risk treatment approval and residual-risk acceptance evidence is inconsistent. | D9: Implement documented treatment approval, residual-risk acceptance and closure requirements. | E9: Risk Manager | F9: High | G9: 31/01/2027 | H9: In Progress | I9: 0.25 | J9: Risk acceptance records; treatment approvals | K9: New approval workflow required.
A10: REM-009 | B10: 9.2 | C10: No formal ISMS internal audit programme has been established. | D10: Develop and execute a risk-based ISMS internal audit programme before certification. | E10: Internal Audit Manager | F10: Critical | G10: 28/02/2027 | H10: Not Started | I10: 0 | J10: Internal Audit Programme; audit reports; corrective actions | K10: Critical certification-readiness dependency.
A11: REM-010 | B11: 9.3 | C11: Formal ISO 27001 management review has not yet occurred. | D11: Establish and conduct management review covering required ISMS inputs, decisions and improvement actions. | E11: CISO | F11: Critical | G11: 28/02/2027 | H11: Not Started | I11: 0 | J11: Management Review Agenda; minutes; action log | K11: Must be completed and evidenced before certification audit.
A12: REM-011 | B12: 10.2 | C12: No formal ISMS nonconformity and corrective-action process exists. | D12: Implement a corrective-action process covering root cause, ownership, effectiveness review and closure. | E12: ISMS Manager | F12: High | G12: 28/02/2027 | H12: Not Started | I12: 0 | J12: Corrective Action Procedure; CAPA register | K12: Process required to support audit findings.
A13: REM-012 | B13: A.5.9 | C13: Asset inventory does not consistently include SaaS applications and information assets. | D13: Expand the asset inventory to include information assets and SaaS services and assign ownership. | E13: IT Operations Manager | F13: High | G13: 31/12/2026 | H13: In Progress | I13: 0.45 | J13: Updated Asset Register; ownership records | K13: SaaS discovery exercise underway.
A14: REM-013 | B14: A.5.12 | C14: Information classification requirements are not consistently applied. | D14: Implement an organisation-wide classification scheme and handling requirements. | E14: Data Protection Officer | F14: High | G14: 31/01/2027 | H14: In Progress | I14: 0.3 | J14: Classification Standard; handling guidance | K14: Classification levels agreed; rollout pending.
A15: REM-014 | B15: A.5.18 | C15: Access recertification is inconsistent across SaaS applications. | D15: Establish quarterly access recertification for critical systems and retain evidence. | E15: IT Operations Manager | F15: High | G15: 31/12/2026 | H15: In Progress | I15: 0.5 | J15: Access Review Records; recertification reports | K15: Critical applications identified.
A16: REM-015 | B16: A.5.19 | C16: Supplier security due diligence is not consistently risk-tiered. | D16: Introduce supplier risk classification and proportionate security assessment requirements. | E16: Third-Party Risk Manager | F16: High | G16: 31/01/2027 | H16: In Progress | I16: 0.35 | J16: Supplier Risk Methodology; assessment records | K16: Supplier tiers being defined.
A17: REM-016 | B17: A.5.23 | C17: Cloud lifecycle governance and exit requirements are incomplete. | D17: Develop a cloud security governance standard covering acquisition, shared responsibility, monitoring and exit. | E17: Cloud Security Lead | F17: High | G17: 31/01/2027 | H17: In Progress | I17: 0.4 | J17: Cloud Security Standard; cloud service register | K17: Shared-responsibility requirements being documented.
A18: REM-017 | B18: A.5.35 | C18: No independent ISMS review has been performed. | D18: Establish an independent information-security review programme and track corrective actions. | E18: Internal Audit Manager | F18: Critical | G18: 28/02/2027 | H18: Not Started | I18: 0 | J18: Independent Review Report; corrective-action records | K18: Coordinate with the ISMS internal audit programme.
A19: REM-018 | B19: A.8.2 | C19: Privileged access recertification and time-limited access are not consistently implemented. | D19: Implement privileged access management and quarterly privileged-access reviews. | E19: Head of Information Security | F19: Critical | G19: 31/12/2026 | H19: In Progress | I19: 0.25 | J19: PAM configuration; privileged access review records | K19: PAM solution requirements defined.
A20: REM-019 | B20: A.8.5 | C20: MFA is not consistently enforced across all business applications and legacy services. | D20: Expand MFA coverage and strengthen authentication for privileged and internet-facing services. | E20: Identity & Access Manager | F20: High | G20: 31/12/2026 | H20: In Progress | I20: 0.6 | J20: MFA coverage report; authentication standard | K20: Legacy applications remain outstanding.
A21: REM-020 | B21: A.8.8 | C21: Vulnerability remediation targets are informal and overdue vulnerabilities are not consistently escalated. | D21: Define risk-based remediation SLAs and escalation requirements for overdue vulnerabilities. | E21: Vulnerability Management Lead | F21: Critical | G21: 31/12/2026 | H21: In Progress | I21: 0.45 | J21: Vulnerability Management Standard; SLA reports | K21: Draft remediation SLAs prepared.
A22: REM-021 | B22: A.8.9 | C22: Secure configuration baselines are not centrally governed or continuously monitored. | D22: Establish approved secure configuration baselines and automated compliance monitoring. | E22: Cloud Security Lead | F22: High | G22: 31/01/2027 | H22: In Progress | I22: 0.35 | J22: Secure Configuration Standards; compliance reports | K22: Initial AWS baseline under development.
A23: REM-022 | B23: A.8.13 | C23: Backup restoration testing is inconsistent. | D23: Establish quarterly restoration testing and retain evidence of successful recovery. | E23: Infrastructure Manager | F23: High | G23: 31/12/2026 | H23: In Progress | I23: 0.5 | J23: Restoration Test Reports; recovery results | K23: Next restoration exercise scheduled.
A24: REM-023 | B24: A.8.15 | C24: Log retention and monitoring requirements are not consistently defined. | D24: Develop a central logging standard defining required events, retention, protection and monitoring. | E24: Security Operations Manager | F24: High | G24: 31/01/2027 | H24: In Progress | I24: 0.4 | J24: Logging Standard; SIEM configuration evidence | K24: Current log sources being inventoried.
... A26: REM-025 | B26: A.8.25 | C26: Security gates are not consistently defined across the software development lifecycle. | D26: Define secure SDLC requirements including security testing, approval gates and release criteria. | E26: Engineering Manager | F26: High | G26: 28/02/2027 | H26: In Progress | I26: 0.25 | J26: Secure SDLC Standard; pipeline evidence | K26: Engineering and security workshops underway.

Sheet Evidence Register
A1: Evidence ID | B1: ISO Reference | C1: Evidence / Document | D1: Evidence Type | E1: Document Owner | F1: Review Frequency | G1: Last Reviewed | H1: Next Review | I1: Evidence Status | J1: Storage Location | K1: Notes
A2: EVD-001 | B2: 4.3 | C2: ISMS Scope Statement | D2: Governance Document | E2: Head of Information Security | F2: Annual | H2: 31/10/2026 | I2: Required | J2: ISMS / Governance | K2: Currently being developed as part of remediation.
A3: EVD-002 | B3: 4.4 | C3: ISMS Governance Framework | D3: Governance Document | E3: CISO | F3: Annual | H3: 31/12/2026 | I3: Required | J3: ISMS / Governance | K3: Formal ISMS governance structure not yet approved.
A4: EVD-003 | B4: 5.2 | C4: Information Security Policy | D4: Policy | E4: CISO | F4: Annual | G4: 15/06/2026 | H4: 15/06/2027 | I4: Available | J4: ISMS / Policies | K4: Approved and communicated to employees.
A5: EVD-004 | B5: 5.3 | C5: ISMS RACI Matrix | D5: Governance Document | E5: CISO | F5: Annual | H5: 31/12/2026 | I5: Required | J5: ISMS / Governance | K5: Required to formalise ISMS responsibilities.
A6: EVD-005 | B6: 6.1 | C6: ISMS Risk Assessment Methodology | D6: Risk Document | E6: Risk Manager | F6: Annual | H6: 30/11/2026 | I6: In Development | J6: ISMS / Risk Management | K6: Draft methodology currently under review.
A7: EVD-006 | B7: 6.2 | C7: Information Security Objectives & KPI Register | D7: Performance Record | E7: CISO | F7: Quarterly | H7: 31/12/2026 | I7: In Development | J7: ISMS / Performance | K7: Security metrics exist but require formal linkage to ISMS objectives.
A8: EVD-007 | B8: 7.2 | C8: ISMS Competency Matrix | D8: HR Record | E8: HR Manager | F8: Annual | H8: 31/01/2027 | I8: Required | J8: ISMS / Competence | K8: Competency requirements need mapping to ISMS roles.
A9: EVD-008 | B9: 7.3 | C9: Security Awareness Training Records | D9: Training Record | E9: Security Awareness Lead | F9: Annual | G9: 30/06/2026 | H9: 30/06/2027 | I9: Available | J9: ISMS / Training | K9: Includes completion records and phishing simulations.
A10: EVD-009 | B10: 7.5 | C10: Document Control Procedure | D10: Procedure | E10: ISMS Manager | F10: Annual | H10: 31/12/2026 | I10: In Development | J10: ISMS / Document Control | K10: Document approval and version-control requirements being established.
A11: EVD-010 | B11: 8.2 | C11: ISMS Risk Assessment Schedule | D11: Risk Record | E11: Risk Manager | F11: Annual | H11: 31/12/2026 | I11: In Development | J11: ISMS / Risk Management | K11: Will define planned and event-driven reassessments.
A12: EVD-011 | B12: 8.3 | C12: Risk Treatment & Acceptance Records | D12: Risk Record | E12: Risk Manager | F12: Quarterly | H12: 31/01/2027 | I12: Required | J12: ISMS / Risk Management | K12: Formal approval and acceptance evidence currently inconsistent.
A13: EVD-012 | B13: 9.1 | C13: ISMS KPI Dashboard | D13: Performance Record | E13: ISMS Manager | F13: Monthly | G13: 31/08/2026 | H13: 30/09/2026 | I13: Available | J13: ISMS / Performance | K13: Existing dashboard requires additional ISMS effectiveness metrics.
A14: EVD-013 | B14: 9.2 | C14: Internal Audit Programme | D14: Audit Record | E14: Internal Audit Manager | F14: Annual | H14: 28/02/2027 | I14: Required | J14: ISMS / Internal Audit | K14: Formal ISMS audit programme not yet established.
A15: EVD-014 | B15: 9.2 | C15: Internal Audit Report | D15: Audit Record | E15: Internal Audit Manager | F15: Annual | H15: 28/02/2027 | I15: Required | J15: ISMS / Internal Audit | K15: To be generated following first internal ISMS audit.
A16: EVD-015 | B16: 9.3 | C16: Management Review Minutes | D16: Management Record | E16: CISO | F16: Annual | H16: 28/02/2027 | I16: Required | J16: ISMS / Management Review | K16: First formal ISO 27001 management review pending.
A17: EVD-016 | B17: 10.2 | C17: Corrective Action Register | D17: Improvement Record | E17: ISMS Manager | F17: Monthly | H17: 28/02/2027 | I17: Required | J17: ISMS / Improvement | K17: Will record nonconformities, root causes and corrective actions.
A18: EVD-017 | B18: A.5.9 | C18: Asset Register | D18: Operational Record | E18: IT Operations Manager | F18: Quarterly | G18: 30/06/2026 | H18: 30/09/2026 | I18: Partial | J18: ISMS / Asset Management | K18: SaaS and information assets require additional coverage.
A19: EVD-018 | B19: A.5.12 | C19: Information Classification Standard | D19: Standard | E19: Data Protection Officer | F19: Annual | H19: 31/01/2027 | I19: In Development | J19: ISMS / Data Protection | K19: Classification levels agreed; implementation pending.
A20: EVD-019 | B20: A.5.18 | C20: Access Recertification Records | D20: Access Record | E20: IT Operations Manager | F20: Quarterly | H20: 31/12/2026 | I20: Partial | J20: ISMS / Access Control | K20: Review evidence inconsistent across SaaS applications.
A21: EVD-020 | B21: A.5.19 | C21: Supplier Security Assessment Records | D21: Third-Party Record | E21: Third-Party Risk Manager | F21: Annual | H21: 31/01/2027 | I21: Partial | J21: ISMS / Third-Party Risk | K21: Current assessments are not consistently risk-tiered.
A22: EVD-021 | B22: A.5.23 | C22: Cloud Security Governance Standard | D22: Standard | E22: Cloud Security Lead | F22: Annual | H22: 31/01/2027 | I22: In Development | J22: ISMS / Cloud Security | K22: Lifecycle and exit requirements being added.
A23: EVD-022 | B23: A.5.24 | C23: Incident Response Plan | D23: Procedure | E23: Head of Information Security | F23: Annual | G23: 20/05/2026 | H23: 20/05/2027 | I23: Available | J23: ISMS / Incident Management | K23: Approved incident response process currently in operation.
A24: EVD-023 | B24: A.5.30 | C24: Disaster Recovery Test Report | D24: Test Record | E24: Infrastructure Manager | F24: Annual | H24: 28/02/2027 | I24: Required | J24: ISMS / Business Continuity | K24: Formal recovery testing evidence required.
A25: EVD-024 | B25: A.5.35 | C25: Independent Information Security Review | D25: Audit Record | E25: Internal Audit Manager | F25: Annual | H25: 28/02/2027 | I25: Required | J25: ISMS / Internal Audit | K25: No independent ISMS review completed yet.
A26: EVD-025 | B26: A.6.1 | C26: Employee Screening Records | D26: HR Record | E26: HR Manager | F26: On Hire | G26: 46031 | I26: Available | J26: ISMS / HR Security | K26: Screening evidence maintained by HR.
A27: EVD-026 | B27: A.6.3 | C27: Security Awareness & Phishing Reports | D27: Training Record | E27: Security Awareness Lead | F27: Quarterly | G27: 30/06/2026 | H27: 30/09/2026 | I27: Available | J27: ISMS / Training | K27: Used to measure awareness effectiveness.
A28: EVD-027 | B28: A.7.2 | C28: Physical Access Records | D28: Physical Security Record | E28: Facilities Manager | F28: Quarterly | G28: 30/06/2026 | H28: 30/09/2026 | I28: Available | J28: ISMS / Physical Security | K28: Badge and visitor access records retained.
A29: EVD-028 | B29: A.8.2 | C29: Privileged Access Review Records | D29: Access Record | E29: Head of Information Security | F29: Quarterly | H29: 31/12/2026 | I29: Partial | J29: ISMS / Access Control | K29: Quarterly recertification not yet consistently performed.
A30: EVD-029 | B30: A.8.5 | C30: MFA Coverage Report | D30: Technical Evidence | E30: Identity & Access Manager | F30: Monthly | G30: 31/08/2026 | H30: 30/09/2026 | I30: Partial | J30: ISMS / Identity Security | K30: Legacy applications remain outside full MFA coverage.
A31: EVD-030 | B31: A.8.7 | C31: EDR Coverage Report | D31: Technical Evidence | E31: Security Operations Manager | F31: Monthly | G31: 31/08/2026 | H31: 30/09/2026 | I31: Available | J31: ISMS / Security Operations | K31: Endpoint protection coverage monitored centrally.
A32: EVD-031 | B32: A.8.8 | C32: Vulnerability Management Reports | D32: Technical Evidence | E32: Vulnerability Management Lead | F32: Monthly | G32: 31/08/2026 | H32: 30/09/2026 | I32: Partial | J32: ISMS / Vulnerability Management | K32: Remediation SLAs and overdue escalation require formalisation.
A33: EVD-032 | B33: A.8.9 | C33: Secure Configuration Baselines | D33: Standard | E33: Cloud Security Lead | F33: Annual | H33: 31/01/2027 | I33: In Development | J33: ISMS / Configuration Management | K33: Baselines under development for cloud and endpoint environments.
A34: EVD-033 | B34: A.8.13 | C34: Backup & Restoration Test Records | D34: Test Record | E34: Infrastructure Manager | F34: Quarterly | H34: 31/12/2026 | I34: Partial | J34: ISMS / Business Continuity | K34: Backups exist but restoration evidence is inconsistent.
A35: EVD-034 | B35: A.8.15 | C35: Central Logging Standard | D35: Standard | E35: Security Operations Manager | F35: Annual | H35: 31/01/2027 | I35: In Development | J35: ISMS / Security Operations | K35: Log retention and monitoring requirements being consolidated.
A36: EVD-035 | B36: A.8.16 | C36: Security Monitoring Coverage Matrix | D36: Technical Evidence | E36: Security Operations Manager | F36: Quarterly | H36: 31/01/2027 | I36: In Development | J36: ISMS / Security Operations | K36: SaaS and cloud monitoring coverage requires expansion.
A37: EVD-036 | B37: A.8.25 | C37: Secure SDLC Standard | D37: Standard | E37: Engineering Manager | F37: Annual | H37: 28/02/2027 | I37: In Development | J37: ISMS / Secure Development | K37: Security gates and release criteria being formalised.

Sheet SoA
A1: Control Reference | B1: Annex A Control | C1: Applicable? | D1: Justification for Inclusion / Exclusion | E1: Implementation Status | F1: Supporting Evidence | G1: Control Owner | H1: Remediation Reference | I1: Review Notes
A2: A.5.1 | B2: Policies for information security | C2: Yes | D2: Required to establish management direction and organisational expectations for information security. | E2: Implemented | F2: Information Security Policy | G2: CISO | I2: Policy approved and communicated.
A3: A.5.2 | B3: Information security roles and responsibilities | C3: Yes | D3: Required to establish accountability for information security responsibilities and ISMS controls. | E3: Partially Implemented | F3: Organisation Chart; Job Descriptions | G3: CISO | I3: Formal ISMS RACI remains required.
A4: A.5.7 | B4: Threat intelligence | C4: Yes | D4: CloudCore requires relevant threat information to support security monitoring and risk management. | E4: Partially Implemented | F4: Vulnerability Alerts; Vendor Security Notifications | G4: Security Operations Manager | I4: Formal threat-intelligence process requires development.
A5: A.5.9 | B5: Inventory of information and other associated assets | C5: Yes | D5: Required to identify and manage information, technology and SaaS assets supporting CloudCore services. | E5: Partially Implemented | F5: Asset Register | G5: IT Operations Manager | H5: REM-012 | I5: SaaS and information asset coverage requires improvement.
A6: A.5.12 | B6: Classification of information | C6: Yes | D6: Required to ensure information receives protection appropriate to its sensitivity and business value. | E6: Partially Implemented | F6: Data Handling Policy | G6: Data Protection Officer | H6: REM-013 | I6: Classification scheme requires consistent implementation.
A7: A.5.15 | B7: Access control | C7: Yes | D7: Required to restrict access to CloudCore systems, services and information according to business and security requirements. | E7: Implemented | F7: Access Control Policy; RBAC Standards | G7: Head of Information Security | I7: Control operating.
A8: A.5.18 | B8: Access rights | C8: Yes | D8: Required to govern provisioning, review, modification and removal of user access rights. | E8: Partially Implemented | F8: Access Review Records | G8: IT Operations Manager | H8: REM-014 | I8: Quarterly recertification required for critical applications.
A9: A.5.19 | B9: Information security in supplier relationships | C9: Yes | D9: CloudCore relies on third-party SaaS and technology suppliers that may introduce information security risk. | E9: Partially Implemented | F9: Supplier Security Assessments | G9: Third-Party Risk Manager | H9: REM-015 | I9: Risk-tiered supplier assessment required.
A10: A.5.20 | B10: Addressing information security within supplier agreements | C10: Yes | D10: Supplier contracts require appropriate security obligations to protect CloudCore information and services. | E10: Partially Implemented | F10: Supplier Contracts; Security Clauses | G10: Legal & Compliance Manager | I10: Minimum contractual security requirements require standardisation.
A11: A.5.23 | B11: Information security for use of cloud services | C11: Yes | D11: Cloud services are fundamental to CloudCore's SaaS operating model and require lifecycle security governance. | E11: Partially Implemented | F11: Cloud Architecture Standards | G11: Cloud Security Lead | H11: REM-016 | I11: Cloud lifecycle and exit governance requires improvement.
A12: A.5.24 | B12: Information security incident management planning and preparation | C12: Yes | D12: Required to ensure CloudCore can respond consistently to information security incidents. | E12: Implemented | F12: Incident Response Plan | G12: Head of Information Security | I12: Incident response process established.
A13: A.5.29 | B13: Information security during disruption | C13: Yes | D13: Required to maintain appropriate information security controls during business or technology disruption. | E13: Partially Implemented | F13: Business Continuity Plan | G13: Business Continuity Manager | I13: Security requirements during disruption require greater definition.
A14: A.5.30 | B14: ICT readiness for business continuity | C14: Yes | D14: CloudCore's SaaS services require tested technology recovery capability to support continuity objectives. | E14: Partially Implemented | F14: Disaster Recovery Plan | G14: Infrastructure Manager | I14: Recovery and failover testing requires improvement.
A15: A.5.31 | B15: Legal, statutory, regulatory and contractual requirements | C15: Yes | D15: CloudCore must identify and comply with applicable legal, regulatory and contractual information security obligations. | E15: Partially Implemented | F15: Regulatory Register; Customer Contracts | G15: Compliance Manager | I15: Consolidated information-security obligations register required.
A16: A.5.35 | B16: Independent review of information security | C16: Yes | D16: Independent review is required to evaluate the continuing suitability and effectiveness of CloudCore's information security approach. | E16: Not Implemented | F16: No evidence currently available | G16: Internal Audit Manager | H16: REM-017 | I16: Independent review must be established before certification readiness.
A17: A.6.1 | B17: Screening | C17: Yes | D17: Relevant personnel require proportionate pre-employment screening based on role and legal requirements. | E17: Implemented | F17: Employee Screening Records | G17: HR Manager | I17: Control operating.
A18: A.6.3 | B18: Information security awareness, education and training | C18: Yes | D18: Personnel require appropriate awareness and training to understand and fulfil their security responsibilities. | E18: Implemented | F18: Security Awareness & Phishing Reports | G18: Security Awareness Lead | I18: Control operating.
A19: A.6.5 | B19: Responsibilities after termination or change of employment | C19: Yes | D19: Security responsibilities and access obligations must remain appropriately managed following employment changes. | E19: Partially Implemented | F19: HR Offboarding Checklist | G19: HR Manager | I19: Access-removal evidence requires improvement.
A20: A.6.7 | B20: Remote working | C20: Yes | D20: CloudCore supports remote working and must protect information accessed outside corporate premises. | E20: Implemented | F20: Remote Working Policy; VPN; Endpoint Controls | G20: IT Operations Manager | I20: Control operating.
A21: A.6.8 | B21: Information security event reporting | C21: Yes | D21: Personnel need clear mechanisms to report suspected information security events promptly. | E21: Implemented | F21: Incident Reporting Procedure | G21: Security Operations Manager | I21: Control operating.
A22: A.7.1 | B22: Physical security perimeters | C22: Yes | D22: CloudCore office areas and information-processing equipment require protection against unauthorised physical access. | E22: Implemented | F22: Office Access Controls; Visitor Procedures | G22: Facilities Manager | I22: Control operating.
A23: A.7.2 | B23: Physical entry | C23: Yes | D23: Physical entry to CloudCore premises and secure areas must be appropriately controlled. | E23: Implemented | F23: Badge Access System; Visitor Logs | G23: Facilities Manager | I23: Control operating.
A24: A.7.4 | B24: Physical security monitoring | C24: Yes | D24: Monitoring supports detection and investigation of unauthorised access to CloudCore premises. | E24: Partially Implemented | F24: CCTV; Building Access Logs | G24: Facilities Manager | I24: CCTV governance and retention requirements require documentation.
A25: A.7.7 | B25: Clear desk and clear screen | C25: Yes | D25: Required to reduce unauthorised exposure of sensitive information in office environments. | E25: Partially Implemented | F25: Employee Handbook; Screen-Lock Configuration | G25: Facilities Manager | I25: Clear-desk expectations require stronger communication.
A26: A.8.2 | B26: Privileged access rights | C26: Yes | D26: CloudCore administrators possess elevated access capable of significantly affecting systems and information. | E26: Partially Implemented | F26: Privileged Account Inventory; MFA | G26: Head of Information Security | H26: REM-018 | I26: PAM and quarterly privileged-access review required.
A27: A.8.5 | B27: Secure authentication | C27: Yes | D27: Strong authentication is required for CloudCore applications, cloud services and privileged access. | E27: Partially Implemented | F27: MFA Coverage Report; Password Standard | G27: Identity & Access Manager | H27: REM-019 | I27: MFA coverage requires expansion.
A28: A.8.7 | B28: Protection against malware | C28: Yes | D28: CloudCore endpoints and systems require protection against malicious software. | E28: Implemented | F28: EDR Coverage Report; Email Filtering | G28: Security Operations Manager | I28: Control operating.
A29: A.8.8 | B29: Management of technical vulnerabilities | C29: Yes | D29: CloudCore's internet-facing SaaS environment requires timely identification and remediation of technical vulnerabilities. | E29: Partially Implemented | F29: Vulnerability Management Reports | G29: Vulnerability Management Lead | H29: REM-020 | I29: Risk-based remediation SLAs required.
A30: A.8.9 | B30: Configuration management | C30: Yes | D30: Secure and consistent configuration is necessary across CloudCore's cloud and endpoint environments. | E30: Partially Implemented | F30: Cloud Configuration Standards | G30: Cloud Security Lead | H30: REM-021 | I30: Central baselines and automated monitoring required.
A31: A.8.13 | B31: Information backup | C31: Yes | D31: Backups are required to support recovery of CloudCore information and services following disruption. | E31: Partially Implemented | F31: Backup Logs; Backup Procedures | G31: Infrastructure Manager | H31: REM-022 | I31: Restoration testing requires formalisation.
A32: A.8.15 | B32: Logging | C32: Yes | D32: Security and operational logs are required to detect, investigate and evidence relevant activity. | E32: Partially Implemented | F32: SIEM; Cloud Audit Logs | G32: Security Operations Manager | H32: REM-023 | I32: Central logging standard required.
A33: A.8.16 | B33: Monitoring activities | C33: Yes | D33: CloudCore requires security monitoring to identify anomalous activity across critical technology services. | E33: Partially Implemented | F33: SIEM Alerts; EDR Monitoring | G33: Security Operations Manager | H33: REM-024 | I33: Cloud and SaaS monitoring coverage requires expansion.
A34: A.8.20 | B34: Networks security | C34: Yes | D34: Network security controls are required to protect CloudCore systems, services and data flows. | E34: Implemented | F34: Firewall Standards; Network Diagrams | G34: Network Security Lead | I34: Control operating.
A35: A.8.24 | B35: Use of cryptography | C35: Yes | D35: CloudCore processes sensitive business and customer information requiring appropriate encryption and key management. | E35: Partially Implemented | F35: Encryption Standards; Cloud KMS | G35: Cloud Security Lead | I35: Key-management lifecycle requirements require consolidation.
A36: A.8.25 | B36: Secure development life cycle | C36: Yes | D36: CloudCore develops SaaS software and therefore requires security throughout the development lifecycle. | E36: Partially Implemented | F36: SDLC Procedure; Code Review Process | G36: Engineering Manager | H36: REM-025 | I36: Security gates and release criteria require formalisation.
A37: A.8.28 | B37: Secure coding | C37: Yes | D37: Secure coding practices are required to reduce vulnerabilities introduced during software development. | E37: Partially Implemented | F37: Code Review Guidelines; Developer Training | G37: Application Security Lead | I37: Secure-coding standards and compliance evidence require improvement.

Sheet Executive Dashboard
A1: CloudCore Systems Ltd — ISO/IEC 27001:2022 Readiness Assessment
A2: Executive ISMS Readiness Dashboard | September 2026
A4: =COUNTA('ISO Gap Assessment'!A2:A60) -> 59 | E4: =COUNTIF('ISO Gap Assessment'!E2:E60,"Implemented") -> 14 | I4: =COUNTIF('ISO Gap Assessment'!E2:E60,"Partially Implemented") -> 39 | M4: =COUNTIF('ISO Gap Assessment'!E2:E60,"Not Implemented") -> 6 | Q4: =SUM('ISO Gap Assessment'!M2:M60)/COUNT('ISO Gap Assessment'!M2:M60) -> 0.56779661
A8: Assessments Completed | E8: Implemented | I8: Partial | M8: Not Implemented | Q8: Readiness
A10: Management Assessment
A11: CloudCore's ISO/IEC 27001:2022 readiness assessment indicates that the organisation has established several foundational information security controls, but significant work remains before certification readiness. Of 59 assessed requirements and representative Annex A controls, 14 are fully implemented, 39 are partially implemented and 6 are not implemented. The portfolio readiness indicator is currently 56.8%. Priority gaps include ISMS internal audit, management review, independent information security review, privileged access management and vulnerability management. These areas require accelerated remediation because they represent significant governance or control-effectiveness weaknesses. Existing security practices provide a strong foundation for ISMS development; however, greater formalisation, evidence retention, governance and consistent control operation are required before CloudCore should proceed to certification assessment. | U11: Implementation Status | V11: Count | X11: Remediation Metric | Y11: Count
U12: Implemented | V12: =COUNTIF('ISO Gap Assessment'!E2:E60,"Implemented") -> 14 | X12: Total Actions | Y12: =COUNTA('Remediation Plan'!A2:A26) -> 25
U13: Partially Implemented | V13: =COUNTIF('ISO Gap Assessment'!E2:E60,"Partially Implemented") -> 39 | X13: Critical Priority | Y13: =COUNTIF('Remediation Plan'!F2:F26,"Critical") -> 5
U14: Not Implemented | V14: =COUNTIF('ISO Gap Assessment'!E2:E60,"Not Implemented") -> 6 | X14: High Priority | Y14: =COUNTIF('Remediation Plan'!F2:F26,"High") -> 20
X15: In Progress | Y15: =COUNTIF('Remediation Plan'!H2:H26,"In Progress") -> 20
X16: Not Started | Y16: =COUNTIF('Remediation Plan'!H2:H26,"Not Started") -> 5
A42: =COUNTA('Remediation Plan'!A2:A26) -> 25 | E42: =COUNTIF('Remediation Plan'!F2:F26,"Critical") -> 5 | I42: =COUNTIF('Remediation Plan'!H2:H26,"In Progress") -> 20 | M42: =COUNTIF('Remediation Plan'!H2:H26,"Not Started") -> 5
A45: Remediation Actions | E45: Critical Priority | I45: Actions In Progress | M45: Actions Not Started
A48: Certification Readiness Priorities
A49: Internal Audit & Management Review: Establish and execute the formal ISMS internal audit programme and management review process before certification assessment. Independent Security Review: Complete an independent review of the organisation's information security approach and track resulting corrective actions. Privileged Access Management: Implement stronger privileged-access governance, including periodic recertification and time-limited administrative access. Vulnerability Management: Establish risk-based remediation SLAs and formal escalation requirements for overdue vulnerabilities. ISMS Governance & Evidence: Strengthen documentation, control ownership, evidence retention and traceability across the ISMS.
A56: Certification Readiness Decision
A57: NOT YET READY FOR CERTIFICATION ASSESSMENT
A58: CloudCore should complete Critical remediation actions, establish the required ISMS governance activities and demonstrate consistent control operation before proceeding to an external certification audit.

Sheet Methodology
A1: CloudCore Systems Ltd — ISO/IEC 27001:2022 Gap Assessment Methodology
A3: Assessment Status | B3: Score | C3: Definition | E3: Assessment Metric | F3: Result
A4: Implemented | B4: 1 | C4: Requirement/control is implemented and supported by sufficient evidence. | E4: Total Assessments | F4: =COUNTA('ISO Gap Assessment'!A2:A60) -> 59
A5: Partially Implemented | B5: 0.5 | C5: Requirement/control is partly implemented but gaps or evidence deficiencies remain. | E5: Total Readiness Score | F5: =SUM('ISO Gap Assessment'!M2:M60) -> 33.5
A6: Not Implemented | B6: 0 | C6: Requirement/control is absent or materially ineffective. | E6: Readiness % | F6: =SUM('ISO Gap Assessment'!M2:M60)/COUNT('ISO Gap Assessment'!M2:M60) -> 0.56779661
A7: Not Applicable | B7: Excluded | C7: Requirement/control is not applicable based on the organisation's context and documented justification.
A10: Priority | B10: Definition
A11: Critical | B11: Major certification-readiness issue requiring urgent remediation.
A12: High | B12: Significant gap requiring remediation before certification.
A13: Medium | B13: Control or process improvement required but lower immediate certification risk.
A14: Low | B14: Minor improvement, maintenance action or observation.
A17: Assessment Approach
A18: The assessment evaluates ISO/IEC 27001:2022 management system requirements and a representative risk-based selection of Annex A controls.
A19: Implementation status is determined through review of documented processes, available evidence and identified control gaps.
A20: Readiness scoring excludes controls formally assessed as Not Applicable.
A21: The readiness percentage is an internal portfolio metric used to summarise assessment results and does not represent an official ISO certification score.
A22: Certification readiness ultimately depends on conformity with applicable ISO/IEC 27001 requirements, effective implementation of the ISMS and successful independent certification audit.
