Workbook

Sheet Risk assessment
A1: Risk ID | B1: Asset / Process | C1: Threat | D1: Vulnerability | E1: Risk Scenario | F1: Likelihood | G1: Impact | H1: Inherent Risk Score | I1: Inherent Rating | J1: Existing Controls | K1: Control Effectiveness | L1: Residual Likelihood | M1: Residual Impact | N1: Residual Risk Score | O1: Residual Rating | P1: Treatment Decision | Q1: Recommended Treatment | R1: Risk Owner | S1: Target Date | T1: Status
A2: R001 | B2: Microsoft 365 Environment | C2: Account compromise / phishing | D2: Users susceptible to phishing and inconsistent MFA coverage | E2: An attacker obtains employee credentials through phishing and gains unauthorised access to Microsoft 365, potentially exposing corporate and customer information. | F2: 4 | G2: 4 | H2: =F2*G2 -> 16 | I2: =IF(H2<=4,"Low",IF(H2<=9,"Medium",IF(H2<=16,"High","Critical"))) -> High | J2: Email filtering; MFA for privileged accounts; security awareness training; conditional access | K2: Partially Effective | L2: 3 | M2: 4 | N2: =L2*M2 -> 12 | O2: =IF(N2<=4,"Low",IF(N2<=9,"Medium",IF(N2<=16,"High","Critical"))) -> High | P2: Mitigate | Q2: Enforce MFA for all users; strengthen conditional access; implement phishing-resistant authentication for privileged accounts; increase phishing simulations | R2: Head of IT Security | S2: 30/11/2026 | T2: In Progress
A3: R002 | B3: AWS Cloud Infrastructure | C3: Cloud misconfiguration | D3: Publicly accessible storage or incorrectly configured security groups | E3: A cloud configuration error exposes sensitive application or customer data to unauthorised users. | F3: 4 | G3: 5 | H3: =F3*G3 -> 20 | I3: =IF(H3<=4,"Low",IF(H3<=9,"Medium",IF(H3<=16,"High","Critical"))) -> Critical | J3: AWS security groups; IAM policies; configuration monitoring; encryption | K3: Partially Effective | L3: 3 | M3: 5 | N3: =L3*M3 -> 15 | O3: =IF(N3<=4,"Low",IF(N3<=9,"Medium",IF(N3<=16,"High","Critical"))) -> High | P3: Mitigate | Q3: Implement automated cloud configuration scanning; enforce secure configuration baselines; conduct monthly configuration reviews | R3: Cloud Security Lead | S3: 15/12/2026 | T3: In Progress
A4: R003 | B4: Customer Payment Platform | C4: DDoS attack | D4: Insufficient resilience against large-scale traffic attacks | E4: A distributed denial-of-service attack overwhelms the payment platform, preventing customers from completing transactions and causing service disruption. | F4: 4 | G4: 4 | H4: =F4*G4 -> 16 | I4: =IF(H4<=4,"Low",IF(H4<=9,"Medium",IF(H4<=16,"High","Critical"))) -> High | J4: Cloud-based DDoS protection; load balancing; infrastructure monitoring | K4: Effective | L4: 2 | M4: 4 | N4: =L4*M4 -> 8 | O4: =IF(N4<=4,"Low",IF(N4<=9,"Medium",IF(N4<=16,"High","Critical"))) -> Medium | P4: Mitigate | Q4: Conduct resilience testing; establish DDoS response playbook; review capacity thresholds quarterly | R4: Infrastructure Manager | S4: 31/01/2027 | T4: Monitoring
A5: R004 | B5: Privileged Administrator Accounts | C5: Credential compromise | D5: Excessive privileges and inconsistent privileged access reviews | E5: A compromised administrator account enables an attacker to modify critical systems, access sensitive information or disrupt services. | F5: 4 | G5: 5 | H5: =F5*G5 -> 20 | I5: =IF(H5<=4,"Low",IF(H5<=9,"Medium",IF(H5<=16,"High","Critical"))) -> Critical | J5: MFA; privileged account separation; access logging | K5: Partially Effective | L5: 3 | M5: 5 | N5: =L5*M5 -> 15 | O5: =IF(N5<=4,"Low",IF(N5<=9,"Medium",IF(N5<=16,"High","Critical"))) -> High | P5: Mitigate | Q5: Implement privileged access management; perform quarterly privileged access reviews; introduce time-limited administrative access | R5: Head of IT Security | S5: 30/11/2026 | T5: In Progress
A6: R005 | B6: Employee Endpoints | C6: Ransomware | D6: Unpatched endpoints and users opening malicious attachments | E6: Ransomware infects employee devices and spreads across the corporate environment, disrupting operations and making business information unavailable. | F6: 4 | G6: 5 | H6: =F6*G6 -> 20 | I6: =IF(H6<=4,"Low",IF(H6<=9,"Medium",IF(H6<=16,"High","Critical"))) -> Critical | J6: Endpoint protection; email filtering; security awareness training; daily backups | K6: Partially Effective | L6: 3 | M6: 4 | N6: =L6*M6 -> 12 | O6: =IF(N6<=4,"Low",IF(N6<=9,"Medium",IF(N6<=16,"High","Critical"))) -> High | P6: Mitigate | Q6: Deploy EDR across all endpoints; strengthen patch compliance monitoring; conduct ransomware response exercises | R6: Security Operations Manager | S6: 31/12/2026 | T6: In Progress
A7: R006 | B7: Customer Personal Data | C7: Unauthorised disclosure | D7: Weak data handling practices and excessive access permissions | E7: Customer personal information is accessed or disclosed without authorisation, resulting in regulatory, financial and reputational impact. | F7: 4 | G7: 5 | H7: =F7*G7 -> 20 | I7: =IF(H7<=4,"Low",IF(H7<=9,"Medium",IF(H7<=16,"High","Critical"))) -> Critical | J7: Encryption; RBAC; privacy policies; access logging | K7: Partially Effective | L7: 3 | M7: 5 | N7: =L7*M7 -> 15 | O7: =IF(N7<=4,"Low",IF(N7<=9,"Medium",IF(N7<=16,"High","Critical"))) -> High | P7: Mitigate | Q7: Perform access recertification; implement DLP controls; strengthen data classification and handling procedures | R7: Data Protection Officer | S7: 31/01/2027 | T7: In Progress
A8: R007 | B8: Third-Party SaaS Providers | C8: Supplier security breach | D8: Limited ongoing security monitoring of critical suppliers | E8: A cyber incident affecting a critical SaaS provider compromises NovaPay information or disrupts essential business services. | F8: 4 | G8: 4 | H8: =F8*G8 -> 16 | I8: =IF(H8<=4,"Low",IF(H8<=9,"Medium",IF(H8<=16,"High","Critical"))) -> High | J8: Pre-contract security questionnaires; contractual security clauses; supplier SLAs | K8: Partially Effective | L8: 3 | M8: 4 | N8: =L8*M8 -> 12 | O8: =IF(N8<=4,"Low",IF(N8<=9,"Medium",IF(N8<=16,"High","Critical"))) -> High | P8: Mitigate | Q8: Introduce risk-tiered supplier assessments; annual reviews for critical vendors; establish supplier incident notification requirements | R8: Third-Party Risk Manager | S8: 28/02/2027 | T8: In Progress
A9: R008 | B9: Public API Infrastructure | C9: API attack | D9: Insufficient rate limiting and inconsistent API security testing | E9: An attacker exploits weaknesses in a public-facing API to access information, manipulate transactions or disrupt customer services. | F9: 4 | G9: 5 | H9: =F9*G9 -> 20 | I9: =IF(H9<=4,"Low",IF(H9<=9,"Medium",IF(H9<=16,"High","Critical"))) -> Critical | J9: API gateway; authentication tokens; application logging; basic rate limiting | K9: Partially Effective | L9: 3 | M9: 4 | N9: =L9*M9 -> 12 | O9: =IF(N9<=4,"Low",IF(N9<=9,"Medium",IF(N9<=16,"High","Critical"))) -> High | P9: Mitigate | Q9: Strengthen API rate limiting; introduce regular API security testing; implement automated monitoring for abnormal API activity | R9: Application Security Lead | S9: 31/01/2027 | T9: In Progress
A10: R009 | B10: Backup & Recovery Environment | C10: Data loss / recovery failure | D10: Backup restoration is not regularly tested | E10: A major system failure or cyber incident occurs and NovaPay cannot restore critical systems within required recovery times. | F10: 3 | G10: 5 | H10: =F10*G10 -> 15 | I10: =IF(H10<=4,"Low",IF(H10<=9,"Medium",IF(H10<=16,"High","Critical"))) -> High | J10: Daily backups; encrypted backup storage; documented recovery procedures | K10: Partially Effective | L10: 2 | M10: 5 | N10: =L10*M10 -> 10 | O10: =IF(N10<=4,"Low",IF(N10<=9,"Medium",IF(N10<=16,"High","Critical"))) -> High | P10: Mitigate | Q10: Perform quarterly restoration tests; define recovery success metrics; maintain isolated backup copies | R10: Business Continuity Manager | S10: 31/12/2026 | T10: In Progress
A11: R010 | B11: Server & Application Estate | C11: Exploitation of known vulnerability | D11: Delays between vulnerability identification and remediation | E11: An attacker exploits a known but unpatched vulnerability before remediation is completed, resulting in system compromise. | F11: 4 | G11: 5 | H11: =F11*G11 -> 20 | I11: =IF(H11<=4,"Low",IF(H11<=9,"Medium",IF(H11<=16,"High","Critical"))) -> Critical | J11: Monthly vulnerability scans; patch management process; endpoint protection | K11: Partially Effective | L11: 3 | M11: 4 | N11: =L11*M11 -> 12 | O11: =IF(N11<=4,"Low",IF(N11<=9,"Medium",IF(N11<=16,"High","Critical"))) -> High | P11: Mitigate | Q11: Define risk-based remediation SLAs; implement vulnerability prioritisation; escalate overdue critical vulnerabilities | R11: Vulnerability Management Lead | S11: 30/11/2026 | T11: In Progress
A12: R011 | B12: Remote Working Environment | C12: Unauthorised access | D12: Use of unmanaged networks and inconsistent device compliance enforcement | E12: An unauthorised party gains access to NovaPay systems through a compromised remote-working device or insecure connection. | F12: 3 | G12: 4 | H12: =F12*G12 -> 12 | I12: =IF(H12<=4,"Low",IF(H12<=9,"Medium",IF(H12<=16,"High","Critical"))) -> High | J12: VPN; MFA; managed laptops; endpoint protection | K12: Effective | L12: 2 | M12: 3 | N12: =L12*M12 -> 6 | O12: =IF(N12<=4,"Low",IF(N12<=9,"Medium",IF(N12<=16,"High","Critical"))) -> Medium | P12: Monitor | Q12: Enforce device compliance through conditional access; review remote access logs; maintain endpoint security monitoring | R12: IT Operations Manager | S12: 31/01/2027 | T12: Monitoring
A13: R012 | B13: Security Incident Response | C13: Delayed incident response | D13: Incident escalation responsibilities and exercises are not sufficiently mature | E13: A significant security incident is not identified, escalated or contained quickly enough, increasing operational and regulatory impact. | F13: 3 | G13: 5 | H13: =F13*G13 -> 15 | I13: =IF(H13<=4,"Low",IF(H13<=9,"Medium",IF(H13<=16,"High","Critical"))) -> High | J13: Incident response plan; centralised logging; defined security contacts | K13: Partially Effective | L13: 2 | M13: 4 | N13: =L13*M13 -> 8 | O13: =IF(N13<=4,"Low",IF(N13<=9,"Medium",IF(N13<=16,"High","Critical"))) -> Medium | P13: Mitigate | Q13: Define severity-based escalation matrix; conduct tabletop exercises twice annually; document post-incident review process | R13: Head of Information Security | S13: 28/02/2027 | T13: In Progress

Sheet Treatment Plan
A1: Risk ID | B1: Risk Scenario | C1: Residual Risk Score | D1: Residual Rating | E1: Treatment Decision | F1: Treatment Action | G1: Action Owner | H1: Priority | I1: Target Date | J1: Status | K1: Progress % | L1: Management Notes
A2: R001 | B2: Microsoft 365 account compromise through phishing | C2: 12 | D2: High | E2: Mitigate | F2: Enforce MFA for all users; strengthen conditional access; implement phishing-resistant authentication for privileged accounts; increase phishing simulations | G2: Head of IT Security | H2: High | I2: 30/11/2026 | J2: In Progress | K2: 0.4 | L2: MFA expansion underway; privileged account controls prioritised
A3: R002 | B3: Cloud misconfiguration exposes sensitive information | C3: 15 | D3: High | E3: Mitigate | F3: Implement automated cloud configuration scanning; enforce secure configuration baselines; conduct monthly configuration reviews | G3: Cloud Security Lead | H3: Critical | I3: 15/12/2026 | J3: In Progress | K3: 0.25 | L3: Secure configuration baseline being developed
A4: R003 | B4: DDoS attack disrupts customer payment services | C4: 8 | D4: Medium | E4: Mitigate | F4: Conduct resilience testing; establish DDoS response playbook; review capacity thresholds quarterly | G4: Infrastructure Manager | H4: Medium | I4: 31/01/2027 | J4: Monitoring | K4: 0.7 | L4: Existing DDoS controls effective; additional resilience testing scheduled
A5: R004 | B5: Compromised privileged account enables unauthorised administrative activity | C5: 15 | D5: High | E5: Mitigate | F5: Implement privileged access management; perform quarterly privileged access reviews; introduce time-limited administrative access | G5: Head of IT Security | H5: Critical | I5: 30/11/2026 | J5: In Progress | K5: 0.2 | L5: PAM solution requirements under review
A6: R005 | B6: Ransomware compromises employee endpoints and disrupts operations | C6: 12 | D6: High | E6: Mitigate | F6: Deploy EDR across all endpoints; strengthen patch compliance monitoring; conduct ransomware response exercises | G6: Security Operations Manager | H6: High | I6: 31/12/2026 | J6: In Progress | K6: 0.45 | L6: EDR deployment progressing across managed endpoints
A7: R006 | B7: Unauthorised disclosure of customer personal information | C7: 15 | D7: High | E7: Mitigate | F7: Perform access recertification; implement DLP controls; strengthen data classification and handling procedures | G7: Data Protection Officer | H7: Critical | I7: 31/01/2027 | J7: In Progress | K7: 0.3 | L7: Access review initiated; DLP requirements being defined
A8: R007 | B8: Critical SaaS supplier breach compromises information or service availability | C8: 12 | D8: High | E8: Mitigate | F8: Introduce risk-tiered supplier assessments; annual reviews for critical vendors; establish supplier incident notification requirements | G8: Third-Party Risk Manager | H8: High | I8: 28/02/2027 | J8: In Progress | K8: 0.35 | L8: Critical supplier inventory being reviewed
A9: R008 | B9: Public API weakness enables unauthorised access or transaction manipulation | C9: 12 | D9: High | E9: Mitigate | F9: Strengthen API rate limiting; introduce regular API security testing; implement automated monitoring for abnormal API activity | G9: Application Security Lead | H9: High | I9: 31/01/2027 | J9: In Progress | K9: 0.4 | L9: API security testing scope agreed
A10: R009 | B10: Failure to restore systems following major disruption | C10: 10 | D10: High | E10: Mitigate | F10: Perform quarterly restoration tests; define recovery success metrics; maintain isolated backup copies | G10: Business Continuity Manager | H10: High | I10: 31/12/2026 | J10: In Progress | K10: 0.5 | L10: First restoration exercise being planned
A11: R010 | B11: Known vulnerability exploited before remediation | C11: 12 | D11: High | E11: Mitigate | F11: Define risk-based remediation SLAs; implement vulnerability prioritisation; escalate overdue critical vulnerabilities | G11: Vulnerability Management Lead | H11: High | I11: 30/11/2026 | J11: In Progress | K11: 0.55 | L11: Draft remediation SLA developed
A12: R011 | B12: Compromised remote-working environment enables unauthorised access | C12: 6 | D12: Medium | E12: Monitor | F12: Enforce device compliance through conditional access; review remote access logs; maintain endpoint security monitoring | G12: IT Operations Manager | H12: Medium | I12: 31/01/2027 | J12: Monitoring | K12: 0.75 | L12: Controls operating effectively; continued monitoring required
A13: R012 | B13: Delayed security incident escalation increases business impact | C13: 8 | D13: Medium | E13: Mitigate | F13: Define severity-based escalation matrix; conduct tabletop exercises twice annually; document post-incident review process | G13: Head of Information Security | H13: Medium | I13: 28/02/2027 | J13: In Progress | K13: 0.35 | L13: Escalation matrix drafted; tabletop exercise to be scheduled

Sheet Risk Matrix
A1: NovaPay Technologies Ltd — Cybersecurity Risk Matrix
A3: Likelihood ↓ / Impact → | B3: 1 | C3: 2 | D3: 3 | E3: 4 | F3: 5
A4: 5 – Almost Certain | B4: 5 | C4: 10 | D4: 15 | E4: 20 | F4: 25
A5: 4 – Likely | B5: 4 | C5: 8 | D5: 12 | E5: 16 | F5: 20
A6: 3 – Possible | B6: 3 | C6: 6 | D6: 9 | E6: 12 | F6: 15
A7: 2 – Unlikely | B7: 2 | C7: 4 | D7: 6 | E7: 8 | F7: 10
A8: 1 – Rare | B8: 1 | C8: 2 | D8: 3 | E8: 4 | F8: 5
A11: Rating | B11: Score
A12: Low | B12: 1–4
A13: Medium | B13: 5–9
A14: High | B14: 10–16
A15: Critical | B15: 17–25
A17: Risk Score = Likelihood × Impact

Sheet Executive summaryy
A1: NovaPay Technologies Ltd — Cybersecurity Risk Assessment
A2: Executive Risk Summary | September 2026 | N2: Rating | O2: Inherent | P2: Residual
N3: Critical | O3: =COUNTIF('Risk assessment'!I2:I13,"Critical") -> 6 | P3: =COUNTIF('Risk assessment'!O2:O13,"Critical") -> 0
N4: High | O4: =COUNTIF('Risk assessment'!I2:I13,"High") -> 6 | P4: =COUNTIF('Risk assessment'!O2:O13,"High") -> 9
A5: =COUNTIF('Risk assessment'!A2:A100,"R???") -> 12 | C5: =COUNTIF('Risk assessment'!I2:I100,"Critical") -> 6 | E5: =COUNTIF('Risk assessment'!O2:O100,"High") -> 9 | G5: =COUNTIF('Risk assessment'!O2:O100,"Critical") -> 0 | I5: =ROUND(AVERAGE('Risk assessment'!N2:N13),1) -> 11.4 | N5: Medium | O5: =COUNTIF('Risk assessment'!I2:I13,"Medium") -> 0 | P5: =COUNTIF('Risk assessment'!O2:O13,"Medium") -> 3
A6: Risks Assessed | C6: Critical Inherent Risks | E6: High Residual Risks | G6: Critical Residual Risks | I6: Avg. Residual Risk Score | N6: Low | O6: =COUNTIF('Risk assessment'!I2:I13,"Low") -> 0 | P6: =COUNTIF('Risk assessment'!O2:O13,"Low") -> 0
A9: Management Assessment
A10: The cybersecurity risk assessment identified significant inherent exposure across NovaPay's technology environment, with six of twelve assessed risks rated Critical before consideration of existing controls. Existing security controls reduce all Critical risks below the Critical threshold; however, nine risks remain High after control consideration. The most significant residual exposures relate to cloud security, privileged access and customer data protection, each retaining a residual risk score of 15. These areas should receive priority management attention and accelerated remediation. Continued treatment is also required across ransomware resilience, third-party security, API security, vulnerability management, backup and recovery, and Microsoft 365 account security.
A23: Priority Risk Findings
A24: Risk | C24: Area | G24: Residual Score | H24: Priority
A25: R002 | C25: AWS Cloud Infrastructure | G25: 15 | H25: Critical
A26: R004 | C26: Privileged Administrator Accounts | G26: 15 | H26: Critical
A27: R006 | C27: Customer Personal Data | G27: 15 | H27: Critical
A28: R001 | C28: Microsoft 365 Environment | G28: 12 | H28: High
A29: R005 | C29: Employee Endpoints / Ransomware | G29: 12 | H29: High
A30: R007 | C30: Third-Party SaaS Providers | G30: 12 | H30: High
A31: R008 | C31: Public API Infrastructure | G31: 12 | H31: High
A32: R010 | C32: Vulnerability Management | G32: 12 | H32: High
A35: Management Recommendations
A36: Accelerate Critical remediation: prioritise cloud configuration, privileged access and customer data protection improvements.
A37: Strengthen identity security: enforce MFA, conditional access and stronger privileged authentication controls.
A38: Improve cyber resilience: complete ransomware exercises, restoration testing and incident-response tabletop exercises.
A39: Formalise vulnerability and third-party risk management: introduce remediation SLAs and risk-tiered supplier monitoring.
A40: Monitor residual exposure: reassess High risks following treatment implementation and formally document management acceptance where further reduction is impractical.
