Workbook

Sheet Risk Register
A1: APEX FINTECH SOLUTIONS LTD
A2: Enterprise Risk Register
A3: Owner: GRC & Information Security
A4: Version: 1.0 | Review Date: 18/08/2026
A7: Risk ID | B7: Risk Category | C7: Risk Statement | D7: Asset / Process | E7: Threat | F7: Vulnerability | G7: Likelihood | H7: Impact | I7: Inherent Score | J7: Inherent Rating | K7: Existing Controls | L7: Control Effectiveness | M7: Residual Likelihood | N7: Residual Impact | O7: Residual Score | P7: Residual Rating | Q7: Risk Owner | R7: Treatment Plan | S7: Target Date | T7: Status
A8: R001 | B8: Cybersecurity | C8: Employees may fall victim to phishing attacks, resulting in compromised credentials and unauthorised access to corporate systems. | D8: Corporate email and user accounts | E8: Phishing / social engineering | F8: Employees may fail to identify sophisticated phishing attempts | G8: 4 | H8: 4 | I8: =G8*H8 -> 16 | J8: =IF(I8<=4,"Low",IF(I8<=9,"Medium",IF(I8<=16,"High","Critical"))) -> High | K8: MFA; email filtering; security awareness training; quarterly phishing simulations; incident reporting | L8: Effective | M8: 3 | N8: 4 | O8: =M8*N8 -> 12 | P8: =IF(O8<=4,"Low",IF(O8<=9,"Medium",IF(O8<=16,"High","Critical"))) -> High | Q8: Head of Information Security | R8: Expand MFA coverage to all accounts; increase phishing awareness activities; investigate users failing simulations; strengthen email authentication controls | S8: 30/09/2026 | T8: In Progress
A9: R002 | B9: Cybersecurity | C9: Customer personal or financial data may be exposed through unauthorised access, resulting in regulatory, financial and reputational harm. | D9: Customer Data Platform | E9: External cyberattack | F9: Weaknesses in access controls or application security | G9: 3 | H9: 5 | I9: =G9*H9 -> 15 | J9: =IF(I9<=4,"Low",IF(I9<=9,"Medium",IF(I9<=16,"High","Critical"))) -> High | K9: Role-based access control; MFA; encryption; security monitoring; access reviews | L9: Effective | M9: 2 | N9: 5 | O9: =M9*N9 -> 10 | P9: =IF(O9<=4,"Low",IF(O9<=9,"Medium",IF(O9<=16,"High","Critical"))) -> High | Q9: Data Protection Officer | R9: Strengthen privileged access reviews; increase monitoring of sensitive data access; conduct periodic access recertification | S9: 31/10/2026 | T9: In Progress
A10: R003 | B10: Cybersecurity | C10: Ransomware may compromise corporate systems and disrupt critical payment and business operations. | D10: Corporate Network and Payment Systems | E10: Ransomware | F10: Malicious attachments, compromised credentials or unpatched systems | G10: 4 | H10: 5 | I10: =G10*H10 -> 20 | J10: =IF(I10<=4,"Low",IF(I10<=9,"Medium",IF(I10<=16,"High","Critical"))) -> Critical | K10: Endpoint protection; backups; MFA; email filtering; vulnerability management | L10: Effective | M10: 2 | N10: 5 | O10: =M10*N10 -> 10 | P10: =IF(O10<=4,"Low",IF(O10<=9,"Medium",IF(O10<=16,"High","Critical"))) -> High | Q10: Head of Information Security | R10: Conduct ransomware recovery exercises; improve network segmentation; verify backup restoration quarterly | S10: 30/09/2026 | T10: In Progress
A11: R004 | B11: Third-Party | C11: A critical third-party service provider may experience an outage, disrupting payment processing or other essential services. | D11: Payment Processing | E11: Third-party service failure | F11: Dependency on external service providers | G11: 3 | H11: 5 | I11: =G11*H11 -> 15 | J11: =IF(I11<=4,"Low",IF(I11<=9,"Medium",IF(I11<=16,"High","Critical"))) -> High | K11: Supplier SLAs; business continuity requirements; service monitoring; alternative processing procedures | L11: Adequately Effective | M11: 2 | N11: 5 | O11: =M11*N11 -> 10 | P11: =IF(O11<=4,"Low",IF(O11<=9,"Medium",IF(O11<=16,"High","Critical"))) -> High | Q11: Head of Operations | R11: Review supplier resilience testing; establish escalation procedures; assess alternative providers | S11: 30/11/2026 | T11: Open
A12: R005 | B12: Cloud Security | C12: Cloud resources may be misconfigured, exposing sensitive company or customer information to unauthorised parties. | D12: Microsoft Azure | E12: Human error | F12: Insecure cloud configuration or excessive permissions | G12: 4 | H12: 5 | I12: =G12*H12 -> 20 | J12: =IF(I12<=4,"Low",IF(I12<=9,"Medium",IF(I12<=16,"High","Critical"))) -> Critical | K12: Configuration standards; RBAC; cloud security monitoring; change management | L12: Effective | M12: 2 | N12: 5 | O12: =M12*N12 -> 10 | P12: =IF(O12<=4,"Low",IF(O12<=9,"Medium",IF(O12<=16,"High","Critical"))) -> High | Q12: Cloud Security Manager | R12: Implement automated configuration scanning; strengthen cloud change reviews; perform quarterly permission reviews | S12: 31/10/2026 | T12: In Progress
A13: R006 | B13: Access Control | C13: Privileged access may be misused by an employee or compromised administrator account, resulting in unauthorised system changes or data access. | D13: Privileged Accounts | E13: Insider threat / account compromise | F13: Excessive or poorly monitored privileged access | G13: 3 | H13: 5 | I13: =G13*H13 -> 15 | J13: =IF(I13<=4,"Low",IF(I13<=9,"Medium",IF(I13<=16,"High","Critical"))) -> High | K13: Privileged access management; MFA; logging; access approval; periodic access reviews | L13: Effective | M13: 2 | N13: 5 | O13: =M13*N13 -> 10 | P13: =IF(O13<=4,"Low",IF(O13<=9,"Medium",IF(O13<=16,"High","Critical"))) -> High | Q13: IT Security Manager | R13: Increase privileged session monitoring; implement quarterly privileged access certification | S13: 30/09/2026 | T13: In Progress
A14: R007 | B14: Vulnerability Management | C14: Critical vulnerabilities may remain unpatched and be exploited by attackers, resulting in system compromise. | D14: Servers and Endpoints | E14: External attacker | F14: Delayed security patching | G14: 4 | H14: 4 | I14: =G14*H14 -> 16 | J14: =IF(I14<=4,"Low",IF(I14<=9,"Medium",IF(I14<=16,"High","Critical"))) -> High | K14: Patch management process; vulnerability scanning; endpoint management | L14: Adequately Effective | M14: 3 | N14: 4 | O14: =M14*N14 -> 12 | P14: =IF(O14<=4,"Low",IF(O14<=9,"Medium",IF(O14<=16,"High","Critical"))) -> High | Q14: IT Operations Manager | R14: Define remediation SLAs by severity; introduce overdue vulnerability escalation; report patch compliance monthly | S14: 31/10/2026 | T14: In Progress
A15: R008 | B15: Compliance | C15: Failure to meet UK GDPR requirements may result in regulatory action, financial penalties and reputational damage. | D15: Personal Data Processing | E15: Regulatory non-compliance | F15: Incomplete privacy governance or inconsistent data handling | G15: 3 | H15: 5 | I15: =G15*H15 -> 15 | J15: =IF(I15<=4,"Low",IF(I15<=9,"Medium",IF(I15<=16,"High","Critical"))) -> High | K15: Privacy policies; staff training; DPIA process; data subject request procedure; DPO oversight | L15: Effective | M15: 2 | N15: 5 | O15: =M15*N15 -> 10 | P15: =IF(O15<=4,"Low",IF(O15<=9,"Medium",IF(O15<=16,"High","Critical"))) -> High | Q15: Data Protection Officer | R15: Conduct annual GDPR compliance review; improve processing records; review high-risk processing activities | S15: 31/12/2026 | T15: Monitoring
A16: R009 | B16: Operational | C16: Failure of power or supporting infrastructure may interrupt business operations and availability of critical services. | D16: Office and IT Infrastructure | E16: Power outage | F16: Dependence on local infrastructure | G16: 3 | H16: 3 | I16: =G16*H16 -> 9 | J16: =IF(I16<=4,"Low",IF(I16<=9,"Medium",IF(I16<=16,"High","Critical"))) -> Medium | K16: UPS systems; cloud-hosted services; remote working capability; business continuity procedures | L16: Effective | M16: 2 | N16: 3 | O16: =M16*N16 -> 6 | P16: =IF(O16<=4,"Low",IF(O16<=9,"Medium",IF(O16<=16,"High","Critical"))) -> Medium | Q16: Head of Operations | R16: Test continuity arrangements annually; confirm UPS maintenance schedule; review remote-working capacity | S16: 30/11/2026 | T16: Monitoring
A17: R010 | B17: Third-Party | C17: Inadequate security due diligence during supplier onboarding may introduce unacceptable information security or privacy risks. | D17: Vendor Management | E17: Supplier security weakness | F17: Inconsistent third-party security assessment | G17: 4 | H17: 4 | I17: =G17*H17 -> 16 | J17: =IF(I17<=4,"Low",IF(I17<=9,"Medium",IF(I17<=16,"High","Critical"))) -> High | K17: Vendor questionnaire; contract review; procurement approval; security requirements | L17: Adequately Effective | M17: 3 | N17: 4 | O17: =M17*N17 -> 12 | P17: =IF(O17<=4,"Low",IF(O17<=9,"Medium",IF(O17<=16,"High","Critical"))) -> High | Q17: Third-Party Risk Manager | R17: Introduce risk-tiered supplier assessments; require evidence for critical vendors; establish annual reassessment programme | S17: 31/10/2026 | T17: In Progress
A18: R011 | B18: Business Continuity | C18: A major technology incident may prevent critical business services from being recovered within required timeframes. | D18: Critical Business Services | E18: System failure / cyber incident | F18: Inadequate recovery testing or outdated recovery procedures | G18: 3 | H18: 5 | I18: =G18*H18 -> 15 | J18: =IF(I18<=4,"Low",IF(I18<=9,"Medium",IF(I18<=16,"High","Critical"))) -> High | K18: Business continuity plan; disaster recovery plan; backups; annual recovery testing | L18: Adequately Effective | M18: 2 | N18: 5 | O18: =M18*N18 -> 10 | P18: =IF(O18<=4,"Low",IF(O18<=9,"Medium",IF(O18<=16,"High","Critical"))) -> High | Q18: Business Continuity Manager | R18: Perform scenario-based recovery exercise; validate RTO and RPO requirements; update recovery documentation | S18: 31/12/2026 | T18: Open
A19: R012 | B19: Information Security | C19: Sensitive information may be accidentally disclosed by employees through email, file sharing or other communication channels. | D19: Sensitive Corporate and Customer Information | E19: Human error | F19: Inadequate handling of sensitive information | G19: 4 | H19: 4 | I19: =G19*H19 -> 16 | J19: =IF(I19<=4,"Low",IF(I19<=9,"Medium",IF(I19<=16,"High","Critical"))) -> High | K19: Data classification policy; access controls; staff training; secure file sharing | L19: Adequately Effective | M19: 3 | N19: 4 | O19: =M19*N19 -> 12 | P19: =IF(O19<=4,"Low",IF(O19<=9,"Medium",IF(O19<=16,"High","Critical"))) -> High | Q19: Data Protection Officer | R19: Deploy additional data loss prevention rules; reinforce data handling training; review external sharing permissions | S19: 30/11/2026 | T19: In Progress
A20: R013 | B20: Physical Security | C20: Unauthorised individuals may gain physical access to restricted office areas and information assets. | D20: Office Premises | E20: Unauthorised physical access | F20: Tailgating, lost passes or weak visitor controls | G20: 3 | H20: 4 | I20: =G20*H20 -> 12 | J20: =IF(I20<=4,"Low",IF(I20<=9,"Medium",IF(I20<=16,"High","Critical"))) -> High | K20: Access cards; CCTV; visitor sign-in; reception controls; restricted areas | L20: Effective | M20: 2 | N20: 4 | O20: =M20*N20 -> 8 | P20: =IF(O20<=4,"Low",IF(O20<=9,"Medium",IF(O20<=16,"High","Critical"))) -> Medium | Q20: Facilities Manager | R20: Conduct access-control review; improve visitor badge monitoring; perform periodic physical security checks | S20: 31/10/2026 | T20: Monitoring
A21: R014 | B21: Incident Management | C21: Security incidents may not be detected, escalated or contained promptly, increasing operational and regulatory impact. | D21: Security Operations | E21: Undetected cyber incident | F21: Incomplete monitoring or ineffective escalation | G21: 3 | H21: 5 | I21: =G21*H20 -> 12 | J21: =IF(I21<=4,"Low",IF(I21<=9,"Medium",IF(I21<=16,"High","Critical"))) -> High | K21: Security monitoring; incident response plan; escalation procedures; logging | L21: Adequately Effective | M21: 2 | N21: 5 | O21: =M21*N21 -> 10 | P21: =IF(O21<=4,"Low",IF(O21<=9,"Medium",IF(O21<=16,"High","Critical"))) -> High | Q21: Head of Information Security | R21: Run incident response tabletop exercise; review alert escalation thresholds; update incident contact list | S21: 30/09/2026 | T21: In Progress
A22: R015 | B22: Governance | C22: Information security policies may become outdated or inconsistent with current business, regulatory and technology requirements. | D22: Information Security Management System | E22: Policy governance failure | F22: Infrequent policy review or unclear ownership | G22: 3 | H22: 3 | I22: =G22*H22 -> 9 | J22: =IF(I22<=4,"Low",IF(I22<=9,"Medium",IF(I22<=16,"High","Critical"))) -> Medium | K22: Policy framework; assigned policy owners; annual review schedule | L22: Effective | M22: 2 | N22: 3 | O22: =M22*N22 -> 6 | P22: =IF(O22<=4,"Low",IF(O22<=9,"Medium",IF(O22<=16,"High","Critical"))) -> Medium | Q22: GRC Manager | R22: Implement central policy register; track review dates and approvals; introduce overdue review reporting | S22: 31/12/2026 | T22: Monitoring

Sheet Risk Matrix
A1: Apex FinTech Solutions Ltd — 5×5 Risk Matrix
B4: Likelihood ↓ / Impact → | C4: 1 - Insignificant | D4: 2 - Minor | E4: 3 - Moderate | F4: 4 - Major | G4: 5 - Severe
B5: 5 - Almost Certain | C5: 5 Medium | D5: 10 High | E5: 15 High | F5: 20 Critical | G5: 25 Critical
B6: 4 - Likely | C6: 4 Low | D6: 8 Medium | E6: 12 High | F6: 16 High | G6: 20 Critical
B7: 3 - Possible | C7: 3 Low | D7: 6 Medium | E7: 9 Medium | F7: 12 High | G7: 15 High
B8: 2 - Unlikely | C8: 2 Low | D8: 4 Low | E8: 6 Medium | F8: 8 Medium | G8: 10 High
B9: 1 - Rare | C9: 1 Low | D9: 2 Low | E9: 3 Low | F9: 4 Low | G9: 5 Medium
B12: Rating | C12: Score
B13: Low | C13: 1–4
B14: Medium | C14: 5–9
B15: High | C15: 10–16
B16: Critical | C16: 17–25

Sheet Dashboard
A1: Apex FinTech Solutions Ltd — Enterprise Risk Dashboard
A2: August 2026 | 15 Enterprise Risks | Inherent & Residual Risk Assessment
A4: Total Risks | E4: Critical Residual Risks | I4: High Residual Risks | M4: Overdue Risks | Q4: Avg. Residual Risk Score
A5: =COUNTIF('Risk Register'!A2:A101,"R???") -> 15 | E5: =COUNTIF('Risk Register'!P2:P101,"Critical") -> 0 | I5: =COUNTIF('Risk Register'!P2:P101,"High") -> 12 | M5: =COUNTIFS('Risk Register'!S2:S101,"<"&TODAY(),'Risk Register'!T2:T101,"<>Closed",'Risk Register'!A2:A101,"<>") -> 0 | Q5: =ROUND(AVERAGE('Risk Register'!O2:O17),1) -> 10.2 | W5: Rating | X5: Inherent | Y5: Residual | AA5: Status | AB5: Count
W6: Critical | X6: =COUNTIF('Risk Register'!J2:J101,W6) -> 2 | Y6: =COUNTIF('Risk Register'!P2:P101,W6) -> 0 | AA6: Open | AB6: =COUNTIF('Risk Register'!T2:T101,AA6) -> 2
W7: High | X7: =COUNTIF('Risk Register'!J3:J102,W7) -> 11 | Y7: =COUNTIF('Risk Register'!P3:P102,W7) -> 12 | AA7: In Progress | AB7: =COUNTIF('Risk Register'!T3:T102,AA7) -> 9
W8: Medium | X8: =COUNTIF('Risk Register'!J4:J103,W8) -> 2 | Y8: =COUNTIF('Risk Register'!P4:P103,W8) -> 3 | AA8: Monitoring | AB8: =COUNTIF('Risk Register'!T4:T103,AA8) -> 4
W9: Low | X9: =COUNTIF('Risk Register'!J6:J104,W9) -> 0 | Y9: =COUNTIF('Risk Register'!P6:P104,W9) -> 0 | AA9: Closed | AB9: =COUNTIF('Risk Register'!T6:T104,AA9) -> 0
W12: Risk Category | X12: Count
W13: Cybersecurity | X13: =COUNTIF('Risk Register'!$B$2:$B$101,W13) -> 3
W14: Cloud Security | X14: =COUNTIF('Risk Register'!$B$2:$B$101,W14) -> 1
W15: Access Control | X15: =COUNTIF('Risk Register'!$B$2:$B$101,W15) -> 1
W16: Vulnerability Management | X16: =COUNTIF('Risk Register'!$B$2:$B$101,W16) -> 1
W17: Information Security | X17: =COUNTIF('Risk Register'!$B$2:$B$101,W17) -> 1
W18: Third-Party | X18: =COUNTIF('Risk Register'!$B$2:$B$101,W18) -> 2
W19: Compliance | X19: =COUNTIF('Risk Register'!$B$2:$B$101,W19) -> 1
W20: Operational | X20: =COUNTIF('Risk Register'!$B$2:$B$101,W20) -> 1
W21: Business Continuity | X21: =COUNTIF('Risk Register'!$B$2:$B$101,W21) -> 1
W22: Physical Security | X22: =COUNTIF('Risk Register'!$B$2:$B$101,W22) -> 1
W23: Incident Management | X23: =COUNTIF('Risk Register'!$B$2:$B$101,W23) -> 1
W24: Governance | X24: =COUNTIF('Risk Register'!$B$2:$B$101,W24) -> 1

Sheet Risk Methodology
A1: Risk Assessment Methodology
A3: Purpose | B3: Defines the methodology used to identify, assess, rate and treat information security and operational risks within Apex FinTech Solutions Ltd.
A4: Assessment Approach | B4: Risks are assessed using a 5x5 likelihood and impact model. Inherent risk is assessed before considering existing controls, while residual risk represents the remaining exposure after controls are considered.
A5: Risk Calculation | B5: Risk Score = Likelihood × Impact
A7: Likelihood Criteria:
A8: Score | B8: Rating | C8: Definition
A9: 1 | B9: Rare | C9: May occur only in exceptional circumstances
A10: 2 | B10: Unlikely | C10: Could occur, but is not expected
A11: 3 | B11: Possible | C11: Could occur occasionally
A12: 4 | B12: Likely | C12: Expected to occur periodically
A13: 5 | B13: Almost Certain | C13: Expected to occur frequently
A15: Impact Criteria:
A16: Score | B16: Rating | C16: Definition
A17: 1 | B17: Insignificant | C17: Minimal impact on business operations, information or stakeholders
A18: 2 | B18: Minor | C18: Limited impact that can be managed through normal business processes
A19: 3 | B19: Moderate | C19: Noticeable impact requiring management attention and additional resources
A20: 4 | B20: Major | C20: Significant impact causing substantial operational, financial, regulatory or reputational consequences
A21: 5 | B21: Severe | C21: Critical impact potentially causing major financial loss, regulatory action, significant data compromise or prolonged disruption
A23: Risk Rating:
A24: Score Range | B24: Risk Rating
A25: 1–4 | B25: Low
A26: 5–9 | B26: Medium
A27: 10–16 | B27: High
A28: 17–25 | B28: Critical
A30: Risk Treatment Principles:
A31: Low | B31: Monitor and manage through routine controls
A32: Medium | B32: Consider additional controls and monitor regularly
A33: High | B33: Management attention required; treatment plan should be developed
A34: Critical | B34: Immediate management attention and prioritised risk treatment required
A36: Risk Treatment Options
A37: Treatment | B37: Meaning
A38: Avoid | B38: Stop or change the activity creating the risk
A39: Mitigate | B39: Implement controls to reduce likelihood and/or impact
A40: Transfer | B40: Shift some exposure to another party, e.g. insurance or contractual arrangements
A41: Accept | B41: Formally retain the risk where it falls within risk appetite or further treatment isn't justified
